Created Date,N
2020-03-03,235
2020-03-04,178
2020-03-05,75
2020-03-06,63
2020-03-07,85
2020-03-08,68
2020-03-09,44
2020-03-10,127
2020-03-11,155
2020-03-12,526
2020-03-13,489
2020-03-14,293
2020-03-15,437
2020-03-16,751
2020-03-17,1136
2020-03-18,831
2020-03-19,571
2020-03-20,611
2020-03-21,435
2020-03-22,514
2020-03-23,1033
2020-03-24,537
2020-03-25,733
2020-03-26,554
2020-03-27,632
2020-03-28,508
2020-03-29,397
2020-03-30,785
2020-03-31,696
2020-04-01,727
2020-04-02,338
2020-04-03,519
2020-04-04,262
2020-04-05,168
2020-04-06,365
2020-04-07,292
2020-04-08,326
2020-04-09,331
2020-04-10,240
2020-04-11,118
2020-04-12,212
2020-04-13,177
2020-04-14,310
2020-04-15,248
2020-04-16,341
2020-04-17,190
2020-04-18,153
2020-04-19,100
2020-04-20,176
2020-04-21,54
2020-04-22,26
2020-04-23,30
2020-04-24,66
2020-04-25,75
2020-04-26,89
2020-04-27,203
2020-04-28,156
2020-04-29,70
2020-04-30,88
2020-05-01,103
2020-05-02,57
2020-05-03,130
2020-05-04,193
2020-05-05,97
2020-05-06,163
2020-05-07,165
2020-05-08,228
2020-05-09,130
2020-05-10,199
2020-05-11,373
2020-05-12,107
2020-05-13,135
2020-05-14,74
2020-05-15,99
2020-05-16,62
2020-05-17,48
2020-05-18,107
2020-05-19,39
2020-05-20,51
2020-05-21,53
2020-05-22,44
2020-05-23,26
2020-05-24,53
2020-05-25,75
2020-05-26,62
2020-05-27,33
2020-05-28,31
2020-05-29,44
2020-05-30,34
2020-05-31,19
2020-06-01,61
2020-06-02,19
2020-06-03,54
2020-06-04,38
2020-06-05,29
2020-06-06,30
2020-06-07,34
2020-06-08,32
2020-06-09,44
2020-06-10,47
2020-06-11,65
2020-06-12,93
2020-06-13,67
2020-06-14,24
2020-06-15,21
2020-06-16,28
2020-06-17,149
2020-06-18,72
2020-06-19,70
2020-06-20,383
2020-06-21,207
2020-06-22,294
2020-06-23,389
2020-06-24,234
2020-06-25,388
2020-06-26,179
2020-06-27,235
2020-06-28,189
2020-06-29,830
2020-06-30,820
2020-07-01,477
2020-07-02,619
2020-07-03,441
2020-07-04,731
2020-07-05,774
2020-07-06,920
2020-07-07,4304
2020-07-08,1644
2020-07-09,1322
2020-07-10,1236
2020-07-11,616
2020-07-12,915
2020-07-13,1041
2020-07-14,968
2020-07-15,951
2020-07-16,995
2020-07-17,1256
2020-07-18,985
2020-07-19,2364
2020-07-20,933
2020-07-21,1021
2020-07-22,2305
2020-07-23,1377
2020-07-24,963
2020-07-25,775
2020-07-26,1125
2020-07-27,1743
2020-07-28,1307
2020-07-29,912
2020-07-30,2547
2020-07-31,1863
2020-08-01,1633
2020-08-02,7295
2020-08-03,5269
2020-08-04,3361
2020-08-05,3171
2020-08-06,3051
2020-08-07,1926
2020-08-08,1596
2020-08-09,1417
2020-08-10,1540
2020-08-11,1791
2020-08-12,1751
2020-08-13,1226
2020-08-14,1439
2020-08-15,1137
2020-08-16,958
2020-08-17,1388
2020-08-18,1386
2020-08-19,1385
2020-08-20,1592
2020-08-21,1484
2020-08-22,1521
2020-08-23,1774
2020-08-24,2345
2020-08-25,2104
2020-08-26,1964
2020-08-27,2174
2020-08-28,1529
2020-08-29,1500
2020-08-30,2153
2020-08-31,2734
2020-09-01,2140
2020-09-02,1948
2020-09-03,4482
2020-09-04,3608
2020-09-05,3817
2020-09-06,8277
2020-09-07,4992
2020-09-08,4270
2020-09-09,3726
2020-09-10,3540
2020-09-11,3156
2020-09-12,3008
2020-09-13,1151
